39TX062QX1OHFOH8FUL76K5L7D3X3S,0.33458416477459174
3CIS7GGG65JS8I3AZ9RG54AE4MUUEA,0.31085019325764435
379OL9DBSSESUVWY1Z8JGBFG9BTY92,0.33609552444334606
3DFYDSXB2W00JYP2DA272KN69UQUJV,0.3264797959307348
31YWE12TE0CZG7IVH6OXJ1H1CFPX7X,0.23168901666436875
3BJKPTD2QCC2H9TQLAL6ZFNV0X7RTN,0.2791084130978259
3NQUW096N688UWPZIKJTM3DK0YG9LG,0.3468829019154045
3VI0PC2ZAYK61DAUYS5ZUN3W24LXO9,0.37337551833324023
37PGLWGSJT6QLR0K1ED5KWZ8UOYKI7,0.3243371016752157
3CVDZS288H011OYXLIK0WCEK310MFM,0.23643132769127345
3SA4EMRVJV2GPNGKAGT7A9LB24SP0N,0.25075153051106364
3T2HW4QDUV7FRSVT57QUJKNX6P2C93,0.2390562229379489
3MG8450X2OAW59S08N7RZG9IIRQUPL,0.31684966652535457
3OJX0UFJ0Z7BDMCTRYBUDQ93DP99UA,0.27260522063135056
3ZQX1VYFTD5GMC9MQKT7EOM3BX38O7,0.3604622721907338
3DGDV62G7O9NLXJYP3XLTXEQZ0H2PL,0.20180656823282941
30EMX9PEVKJFF53G6Q7JOY5V3M5KS4,0.31085019325764435
3W0XM68YZPVFLL4MT7SZSXIMDKMK1A,0.3355358707815104
3TLFH2L6Y9OLDPC56K65Y7FNO5S2TK,0.34382807988198383
3EKTG13IZU3N1G8T7TNYRPJ40XMMLR,0.2494963891548377
3H4IKZHALBIJ7YWEV7IDHWCTAG6NN0,0.34350459195418265
3JU8CV4BRLC1S483C1VI0AHT078POD,0.32415936808579116
3T8DUCXY0N6WD9X4RTLK8UN1UB7T98,0.2076029752443027
3EN4YVUOUCSS02JXIFDUMRMA3C1JX6,0.3282303522813596
3T6SSHJUZFAZFWAW1BST7GKV2K9IIU,0.26625242431454244
32204AGAABCLNATH55A5MS60NSUHGW,0.285324520264261
3OID399FXG7YXUSK8PLXDMRQUN9FDY,0.43525506933332225
3QI9WAYOGQB8GQIR4MDIEF0D2P46S0,0.30337405534546447
30Y6N4AHYPWV0KXTZKLRUB59X97RDO,0.2646821497218149
3D0LPO3EABZV1I043OR1D1A54ATOYK,0.26625242431454244
329E6HTMSW2BVOI1GB6IGQXJB4TK3V,0.2808292795661627
3D5G8J4N5A4UAGA7UUQG0CCYL1DTV7,0.21758067982615337
3LCXHSGDLT6CT5B6A4WGQ3SQJNDSES,0.4537605613700862
388FBO7JZRTDJX0S29ROYCA0E26NYQ,0.3282303522813596
3R16PJFTS3RWDK15GPB1QVPPP4WK4N,0.32415936808579116
3FCO4VKOZ4DQA7REM1Y5VCWUWBR7EF,0.43525506933332225
31HLTCK4BLVQ5BO1AUR91TX9V9CGVW,0.42200362212088105
3QI9WAYOGQB8GQIR4MDIEF0D2RFS61,0.2494963891548377
3UOMW19E6D6WQ5TH2HDD74IVKRJ5C1,0.2575770059102074
3YLTXLH3DF6R0NMG8O0SG1KSOLPHPC,0.2781619616389603
33Q5P9PUSPMUXJD695KTW8PQLSRCZJ,0.2791084130978259
3YZ7A3YHR5TCXMIDZ33DM9MD6UF5S5,0.2076029752443027
3D06DR5225J65XHPA2Y8IB3T6LOAMY,0.43525506933332225
30F94FBDNRKF12C1PDZGZ0IRI9XTB1,0.22508268011021584
3AC6MFV69KILEROMVXYU7ZM6YKVZHE,0.3243371016752157
30Z7M1Q8UYKRK8FLG1OPDT2YMGZA8A,0.34350459195418265
35XW21VSVGEQZBLYRQJK3YIASMALS8,0.38438145562170667
3H5TOKO3D9JPE5GGELH0GCK7OBD649,0.38438145562170667
3BC9H1KCYUC36R96UAIBUVNR7E4YWM,0.22778824078913454
379OL9DBSSESUVWY1Z8JGBFG9B89YS,0.21758067982615337
3PA41K45VN4U7YG4VFEGPOVYAGGP71,0.20400764737249627
31SIZS5W59FPPT1Y46RBUAC8GO1QRX,0.23614151766261474
3XU9MCX6VOC8XAZD2V1AYSE50KUR2V,0.21758067982615337
3YLPJ8OXX8D2XK0CF8QQGPXRLD04XL,0.19165370619777203
3WKGUBL7SZM7XQJN1PN25V24E424LB,0.3850621661919366
3NRZ1LDP7W6DR8MAEA6ZG8OXK95ZPF,0.28839107166255606
3NQUW096N688UWPZIKJTM3DK0YGL9S,0.24762467700170576
368IUKXGA58B3Y2ZC59OJAV2F596PW,0.21485662004503858
362E9TQF2HQLJ541BNSQM47FN7HIG2,0.32001774032752883
3LN3BXKGC0V3K0O604W5NVGN2G7WGB,0.37337551833324023
3X2YVV51PU46GLY3ILB2G8CH0RK1WC,0.43525506933332225
3VADEH0UHCXGQW0WJICRKFRUXUFSPD,0.25075153051106364
3MJ9GGZYO36GYTDW0KFO32PV0G7A27,0.2494963891548377
3ABAOCJ4R84YSDO6ZYVU8BIYA39QMK,0.2808292795661627
33NOQL7T9OZSLGNTST4OUMT7VZYZ8O,0.30049264190141506
371QPA24C2OEO4U9NG6RTO5IWZK1T8,0.2791084130978259
351S7I5UG9WNO85TG9QLOPVC1YXJNS,0.38706994232094377
30U1YOGZGAW71ZX6E9LWKLA5JD2SDT,0.3547824261488301
3UV0D2KX1MJLXY9RFEK4AIXKHAGF4L,0.33145685824170695
3XAOZ9UYRZR1WO2H6CCWOJUVCSFQ1D,0.2592872581388114
3XD2A6FGFNUVY9KP2TGUYPRFSSNS9C,0.43525506933332225
3R5OYNIC2C9H5WDB8IHHUKNGZFJTPX,0.33657776015010443
3JTPR5MTZSCE9355UUUBVNV3P2S5KI,0.40495220809523247
3K8CQCU3KE19US5SN890DFPK3SANWR,0.18414315864903386
388CL5C1RJN1927IGW7LZKB8J9XLHN,0.33407872899551055
3K1H3NEY7LZ4BUOFJ9RFV7R2V29GDY,0.33407872899551055
3K2CEDRACB1BKTGYG2PPDGTLUAEMT0,0.30049264190141506
3UY4PIS8QRLGTRPPQKKFKPZQ7FG1NL,0.30414869614482765
3J6BHNX0U9SIZSBBYUQXP4VPGNSKNN,0.2972304954125668
31SIZS5W59FPPT1Y46RBUAC8GQ9QR9,0.3156697832172547
38O9DZ0A62NFBR1TA7YCNXN94XN26F,0.3001728589121
3Y7LTZE0YTMQJDU6VW5TQEBWSS3ZUL,0.40154604159446183
3ICOHX7ENCBCSWRU12DWGXM7OVV0EE,0.2781619616389603
3VZYA8PITOYCWDY1Q1KTC3GUB4M50C,0.3945493654149292
3ZXNP4Z39RL4GD163NL987ME56G7LM,0.3257872930952665
391FPZIE4CM4SSUCPAZMQ77RW04UH4,0.3030414571479436
3EHIMLB7F7Z6UVNZM7YHUFP2Z9HH8G,0.3001728589121
30IRMPJWDZJ3EQ33R17EYO0ZHKMKRG,0.31722030958799263
35U0MRQMUJ7EXO5ZYD4H626BMTROVB,0.36425663011772325
373L46LKP76MG2KQJWY5WXE873SKJO,0.43525506933332225
31SIZS5W59FPPT1Y46RBUAC8GQ8QR8,0.39821641974649974
37VHPF5VYC3FDNCJ0FKGJOSMMJPC8J,0.3282303522813596
3Q7TKIAPOTAKXM2GU0OV8ZWARJVLD9,0.3355358707815104
3QGTX7BCHP29YY4RUVXLI2JGTB4Z5X,0.2592872581388114
3JUDR1D0D6R8L9KDPGCAT2404YTQ2U,0.3126921513237084
3TLFH2L6Y9OLDPC56K65Y7FNO5RT2A,0.285324520264261
3R5LWXWHR08I90TWA9SRPEUUBIKXGC,0.23974367140680092
3SBNLSTU6U542BJK91F4GE786QQZDP,0.19165370619777203
38VTL6WC4AD9T8UMY9V24VAENH15YD,0.43525506933332225
3R0WOCG21M9NGCPA3EGWZMST4ATUDH,0.2939273905738907
3S8A4GJRD33O8IZVYHINP2KK1TY6V5,0.3547824261488301
3Y40HMYLL1I1EIURUEH8TTVLKQ9XUM,0.3001728589121
38XPGNCKHT0ATVVHFTP8S40652DV4U,0.30205886587569336
3WJGKMRWVI9RUI8AHNVW5G6NXAHCDK,0.3522854289135512
39O0SQZVJN7FJBWJ87I5UJVDB0MR7H,0.25075153051106364
3VGET1QSZ0ZKR7D571SBHI3U3D67W1,0.27260522063135056
3VGZ74AYTGGU62I1JDW4B19KA2XGCY,0.33375125387782584
3X878VYTIEIIGLRAHCIBDUHU8A6F71,0.24741166241768392
3DZKABX2ZI5DOZ8W88VQB2CUXFUVC7,0.3355358707815104
375VSR8FVW9Y3L2PR2AOL3OCLRTZR7,0.43525506933332225
329E6HTMSW2BVOI1GB6IGQXJB613KQ,0.34382807988198383
37Y5RYYI0P5LZ52N59M8ESDXZTEXSW,0.2390562229379489
3JHB4BPSFK9JLT5CAPRP3PCEA2CQ9R,0.3001728589121
3MG8450X2OAW59S08N7RZG9IITQUPP,0.20400764737249627
3126F2F5F83FGDVEINSMVYNFW5WPE3,0.19697321045637461
30P8I9JKOILSPEZHTY8IXW6K50Z5V4,0.20400764737249627
3BCRDCM0ODUAS75JZD4GNT93LVVK61,0.2552406914704329
3RIHDBQ1NEYLFKP3G880ZXQXJE6HM4,0.20565558635320938
3PZDSVZ3J5HXLQM8D23HIN6TJ124NH,0.3468829019154045
367O8HRHKG8U13EDLYK3HHGZ609S4G,0.34382807988198383
3LG268AV3860SQBTVFWB0TNUXNQERQ,0.3213432165797554
3T2EL38U0MK9MPNAD5X3JSYWH7TQX4,0.22827700684873029
3MIVREZQVHY32PO3EMIETYQULWOQKL,0.3282303522813596
337F8MIIMZDU0UU1CW1J7BAGB8R406,0.23643132769127345
3BFNCI9LYKQN09BHXHH9CLSX5M137K,0.30414869614482765
3DZKABX2ZI5DOZ8W88VQB2CUXHLCVJ,0.3255702929580119
3P520RYKCH6SCZAHO8YD1A41RTPU53,0.4049844234956344
3421H3BM9AH2Z61ZFZ7G6O0SW9B9JE,0.43525506933332225
3566S7OX5DJRQ6X2AD3QOSD072N17Q,0.247146291242006
3DGDV62G7O9NLXJYP3XLTXEQZ2CP27,0.2076029752443027
3OB6JN3A9QPY4E36CDKUD1S36PHRMS,0.34940827153342224
32CXT5U14G3BZHTJM65GDUESTJQU85,0.31684966652535457
3ZICQFRS31I75COG1J4176QBUACZZ4,0.3243371016752157
359AP8GAGGKBD970QASA5OWRBX27C6,0.3650245928063225
3NSM4HLQNRUPDSMYRR2BPK23K2GQQD,0.3126921513237084
3O2Y2UIUCQU6B0YU067KHZMGEW6KFG,0.2575770059102074
3LB1BGHFL2WBEA5CZ5D07BGS3KSYT2,0.2618388813805743
3TC2K6WK9G22F5KH3MVA7BJ0ASD281,0.24360498992916507
3D06DR5225J65XHPA2Y8IB3T6LNMA9,0.24760890247571513
31SIZS5W59FPPT1Y46RBUAC8GOWRQT,0.43525506933332225
3S1L4CQSFX50ZNP8OFUVNLJK9I4FAK,0.24989334849500244
3TUOHPJXYHXE6MJWPEW9BHGI56YWXY,0.43525506933332225
3RTFSSG7T86J6S27BVTL0NLVYXTLW6,0.34350459195418265
32FESTC2NHQDBKJW3ILLFGABJACCUU,0.33407872899551055
3D17ECOUOEV9PNWF8100BB1K20131N,0.2288241375734975
3WKGUBL7SZM7XQJN1PN25V24E4BL41,0.27260522063135056
338GLSUI43B4ZJB25FGM8LDQVQOSFA,0.37754760960391087
38LRF35D5LWPYKNDAPAKMD6HDXYU3D,0.43525506933332225
3FW4EL5A3LORTQISN5M9XK6XOQ322C,0.2697155077619217
3TZDZ3Y0JS6V4PLVPA1A2O462SB91A,0.43525506933332225
31KSVEGZ34SU9QXKGFQHMZUU4PDWR2,0.33458416477459174
3OND0WXMHWFN3WXQZAKHMPLOAESHEW,0.3913657277790232
3UEBBGULPFOKEW36UKBMNMVEGLRUF6,0.2814920246796455
3P6ENY9P79WZJ1ZCVTA874JG27ZHI5,0.40495220809523247
3THR0FZ95PTB1JT5K92BJT89VX7LOB,0.3746922718418624
3G5RUKN2EC3YIWSKUXZ8ZVH95RG9NE,0.20063763913403634
3P0I4CQYVY7RCD54ON9DS4PPT2YWOY,0.3282303522813596
3THR0FZ95PTB1JT5K92BJT89VX2LO6,0.34350459195418265
3VADEH0UHCXGQW0WJICRKFRUXWBPSA,0.3156697832172547
3SZYX62S5G0QEOYLB052RIQHJIS57C,0.27832242278781844
3R16PJFTS3RWDK15GPB1QVPPP6X4KC,0.34350459195418265
3RSBJ6YZECQP1RJ9YYZDOG3PYZ8OFS,0.30049264190141506
3EAWOID6MTXTU7DGWS26G1ATOSNV08,0.20565558635320938
386659BNTLHD8VXIPEIH9D3DZOH01P,0.43525506933332225
3SMIWMMK615MPIP1K9LMRAHEBOMWUB,0.24741166241768392
3BJKPTD2QCC2H9TQLAL6ZFNV0XDTRV,0.43525506933332225
3OCZWXS7ZO7PT9NNFU6CAN8IE2X5LL,0.3269600836653413
31YWE12TE0CZG7IVH6OXJ1H1CF1X79,0.3850621661919366
3TL87MO8CMPHV6GCL6JLWZZV3WBFLE,0.35346084788348864
3NKW03WTLM7UXPIK301HH9KP85NQWB,0.30116761022333444
32CAVSKPCEPTOH9YNLW1YKRKFDQU1R,0.32415936808579116
3J5XXLQDHMBPBZCDFFKPIZ80R2HV39,0.302428561842039
3GS542CVJVNUS7MEQX3M5EHNE6G59K,0.27204104885668734
3ULIZ0H1VA5C32JJMKOTQ8Z4GUS51B,0.18414315864903386
3R868ACW4SC7EVTBBRGCMZA5JKOGZ2,0.2139998048030605
3VGET1QSZ0ZKR7D571SBHI3U3FW7WV,0.32372285619960134
3QXFBUZ4ZKGQSWZ154H457VQH23UGL,0.25533955346017545
34D9ZRXCYRU93SUUUZUUUK2ZYABSAX,0.25075153051106364
3P888QFVX3UMSG9ICEA70F7353UOQ3,0.2390562229379489
3LOJFQ4BOXF9DGKY90CUTZJV2JQDKY,0.26142870494941023
3ABAOCJ4R84YSDO6ZYVU8BIYA39MQG,0.2558017703441649
3S8A4GJRD33O8IZVYHINP2KK1TA6VH,0.2361773364681714
30Y6N4AHYPWV0KXTZKLRUB59XBPRDA,0.3001728589121
3RIHDBQ1NEYLFKP3G880ZXQXJGEHMG,0.33609552444334606
32XN26MTXZJQY21MIO00TSCRXUM0LV,0.2646821497218149
368IUKXGA58B3Y2ZC59OJAV2F7EP6O,0.3264797959307348
3IKMEYR0LWVMA6MICBSDXGSR5Q0K2R,0.3725576994930382
32K26U12DNONTREA84Q1V8UCIHXDVK,0.43525506933332225
3M93N4X8HKNK4LXYO577NJ5IOV9SJD,0.23724776515151513
3GMLHYZ0LEXQENK1ZA3AC72UMWMYUC,0.26142870494941023
3FBEFUUYRK54GUWXNMRRTF67GL96AK,0.3587716123899765
3MG8450X2OAW59S08N7RZG9IITWPUQ,0.4145433728845743
3YLTXLH3DF6R0NMG8O0SG1KSOLUPHP,0.38405536073976504
302OLP89DZ7TWB5YXD4UFFYHC7KCAI,0.26142870494941023
36JW4WBR06KF9AXMUL4N476OMF2FH7,0.29581216324871884
3LN50BUKPVBTMJ56Z9FQ8TDZ523LPS,0.27260522063135056
3FCO4VKOZ4DQA7REM1Y5VCWUWBWE7R,0.2390562229379489
3DTJ4WT8BDF9UHXK5WQOMWPT62RZEI,0.2618388813805743
33N1S8XHHMLAAG38T8V9FC6ZHV61ZO,0.43525506933332225
3OB6JN3A9QPY4E36CDKUD1S36PBRMM,0.20400764737249627
37S0QRNUFBGD1KM6J34BH2W3WSZ884,0.2730349708122902
3CZH926SICETRK9VK30YS0CK57P4EC,0.32367300585561976
3QXFBUZ4ZKGQSWZ154H457VQH29UGR,0.3126921513237084
3NSCTNUR2ZN8XQWJI3HM19S7KOMA5S,0.22188396103114558
33N1S8XHHMLAAG38T8V9FC6ZHTT1Z7,0.43525506933332225
3HYV4299H0WUALWXW6QB9CSP7VX8E3,0.20565558635320938
3Z56AA6EK405IV5MKPHW2617A2XM6J,0.2139998048030605
3UYRNV2KITZY4R9AP5TUZZMYLLXN82,0.43525506933332225
3G3AJKPCXLSRXPQMK4CSZ340NJFY46,0.32016212957929874
3P4C70TRMRHN96C7WQP3EKZ74BGGLJ,0.43525506933332225
3RQVKZ7ZRKJYFRFYTH34TBN5Z61274,0.2646821497218149
366FYU4PTGPE5MYY5VNEZH1G2VWKE3,0.40495220809523247
3ABAOCJ4R84YSDO6ZYVU8BIYA3FMQM,0.3547824261488301
3K8CQCU3KE19US5SN890DFPK3U6WN0,0.30116761022333444
3SA4EMRVJV2GPNGKAGT7A9LB24N0PT,0.37337551833324023
3CVBMEMMXBG2UHIGC26BGFT7ORJ7HV,0.2639792383190898
3RWB1RTQDJNY7CLN5K6M3ORTL2YP84,0.20846023115300644
371Q3BEXDH9A40226RATBDT87VCZSZ,0.21485662004503858
3R6RZGK0XFCQR29140DF8T4D03VYV1,0.29938052481170424
3MJ9GGZYO36GYTDW0KFO32PV0EV2AJ,0.3355358707815104
3IH9TRB0FBZOFQEYT47NFH39LIY1IL,0.2139998048030605
3AA88CN98P3CBRFP5WZ86KTWK7VYKQ,0.3269600836653413
3TRB893CSJAOULN5SWOTVFH69PU7GG,0.38706994232094377
3P458N04Q1HSU6LPBU72NA0T11LX23,0.34382807988198383
3HXCEECSQMT70MEB5X2ITZH9OEWYZW,0.3269600836653413
3Y3CZJSZ9KT0W7I0KE38WZHHKURR52,0.24741166241768392
3OKP4QVBP2X6DNL3ZZ0D56JWAZCAGQ,0.2390562229379489
3R868ACW4SC7EVTBBRGCMZA5JI6ZGZ,0.32415936808579116
3P4ZBJFX2V3X60SBPKQN5AGB13KWFT,0.2494963891548377
3FO95NVK5C0129GBWAGGPAR9YCHRSI,0.3158876953446343
378G7J1SJLY50MSFU96HNSVBP25WEB,0.34940827153342224
3EQPA8A374WH5XJCJX1FJC2LBC5JZ9,0.2139998048030605
37MQ8Z1JQEWHUBBZGQT46O7235K2YF,0.33458416477459174
3MA5N0ATTCB8MMKPQVHKLN8G9ZVWKP,0.2592872581388114
3DWNFENNE3V120VNY4BPPGPCAHX4JD,0.4537605613700862
3Y7LTZE0YTMQJDU6VW5TQEBWSQLUZU,0.3269600836653413
31N9JPQXIPIRX2A3S9N0CCFXO6OHNG,0.33407872899551055
3QHITW7OYO9XQCFH2V5PZKNYGMLQA1,0.2139998048030605
3YOAVL4CA0HR2F0RGQEBDAD2TDA4ZU,0.24760890247571513
3P7RGTLO6EDBF9HMPQLS3YBPHESKAY,0.20400764737249627
3ZTE0JGGCESIYFZZ7W9CGAIM1OOCOH,0.2494963891548377
3QO7EE372ON29MK9895LUV74Y2FQB1,0.2806005084757171
3ZLW647WALVGE8EBR50EGUBPU6F233,0.22959138223422546
30U1YOGZGAW71ZX6E9LWKLA5JBCSDZ,0.2288241375734975
35O6H0UNLSGJYJZNC9UZU8VQAB25JP,0.24989334849500244
32TZXEA1OLKU7JFJ8F5JLGTQG0X146,0.3126921513237084
3BA7SXOG1JQJJP12ICAB8JR8MKSR84,0.2688649667342467
3J9L0X0VDFMO5Q1YMYQVVEU0Y5K9W9,0.24989334849500244
31SIZS5W59FPPT1Y46RBUAC8GQ8RQ9,0.24672031165844943
3MIVREZQVHY32PO3EMIETYQULYFKQA,0.2076029752443027
3Q2T3FD0ON86LCI41NJYV3PN0BW3MV,0.18414315864903386
334ZEL5JX6FY5WOV4IZCVFM4NP9SOM,0.25075153051106364
3UDTAB6HH6ZVX00DTRXAOJLWX0509Y,0.33407872899551055
375VSR8FVW9Y3L2PR2AOL3OCLTTRZ3,0.33458416477459174
308KJXFUJR6AIS79JZZK4PYL0TKATZ,0.27652579040405106
3UAU495MIISEK9GZTNUCAG4S8OUUO8,0.2808292795661627
3A9LA2FRWSEW9WO7UFA9AE6VQKYHX0,0.22188396103114558
3QGTX7BCHP29YY4RUVXLI2JGTBAZ53,0.31061565314933876
3QREJ3J433XSBS8QMHAICCR0BQ1LKR,0.26490746511240776
3MWOYZD5WVO1PJWQWMIQWLCY0QUONZ,0.3399134468882212
3NQUW096N688UWPZIKJTM3DK0W49L0,0.2646821497218149
3PIOQ99R7YMW2OGNS8UZVR4NIEVUNZ,0.2076029752443027
324N5FAHSXBV7XKK0LCOZLP22QUKV4,0.30116761022333444
36MUZ9VAE626RGSODE1RV46QIMZEDK,0.2558017703441649
3X7837UUADYFHNZ1HS44ME9Q688J6I,0.20063763913403634
322ZSN9Z5GKVG3RSAYPTRMCL8HO4TE,0.3584984599726222
3K2CEDRACB1BKTGYG2PPDGTLU88MTQ,0.20063763913403634
341YLJU21IZV4BWUC871K0DEDM4I27,0.3850621661919366
3L2OEKSTW9ASGQDOW725GFK5P71Y87,0.2560046058917281
32TMVRKDGNYCIJZ470EY0QGYU6348T,0.3725576994930382
36D1BWBEHN1H0UMLXN5TCTKVUV62MP,0.3158876953446343
31YWE12TE0CZG7IVH6OXJ1H1CH1X7D,0.2618388813805743
334ZEL5JX6FY5WOV4IZCVFM4NRFSOW,0.25727383669547815
3NSCTNUR2ZN8XQWJI3HM19S7KQYA58,0.2902038047609163
3CMV9YRYP31X08284WA6BXRNW3XJLQ,0.3725576994930382
3PZDSVZ3J5HXLQM8D23HIN6TJZ24ND,0.3213432165797554
30P8I9JKOILSPEZHTY8IXW6K5YYV5P,0.3168097832390888
3TLFH2L6Y9OLDPC56K65Y7FNO322TQ,0.27260522063135056
3P520RYKCH6SCZAHO8YD1A41RTVU59,0.44178781373409626
3TZ0XG8CBUKDFP5GOVAPHYREGYH89T,0.3126921513237084
3BFF0DJK8XCEIOT30ZLBPPSRMZQTSD,0.18414315864903386
3GMLHYZ0LEXQENK1ZA3AC72UMWHUY3,0.22827700684873029
3T6EIBTM9LO53W80DZ839K8TC2NAAY,0.33458416477459174
3ZLW647WALVGE8EBR50EGUBPU7W23M,0.3357215121937604
3ZQX1VYFTD5GMC9MQKT7EOM3BYK8OQ,0.3340169684662125
34O39PNDK682LNZ9LOULZLH9UQWRBM,0.22827700684873029
3JUDR1D0D6R8L9KDPGCAT2404YC2QP,0.19662917339133035
3GVPRXWRPHU2QCT0IKOWGRUMO4N7ID,0.3092150328704996
3PMR2DOWOO1TV1G2927VO667SGR45G,0.22188396103114558
3XABXM4AJ15J7OM25XLB3TH3QY48QY,0.24989334849500244
3QGTX7BCHP29YY4RUVXLI2JGTBTZ5M,0.20846023115300644
3MGHRFQY2LPAY18L13PQN0EN69F0YC,0.24192515299673137
322ZSN9Z5GKVG3RSAYPTRMCL8JCT4V,0.32314714567576436
31SIZS5W59FPPT1Y46RBUAC8GQRRQS,0.2812868588429308
33QQ60S6ASITHSOGR2S1KF8AALZ0U9,0.2609656405320169
3MDWE879UH2WHN3NR7UZ80HFO4QB9J,0.2352147981081634
32ZCLEW0BZKNRTH6WO3DSE071DCPJ8,0.261019314706718
3HRWUH63QU2FH9Q8R7MRNFC7JYDN5N,0.2563032150851857
3LAZVA75NIR50X7XA3K64X90PXU2OH,0.4669766306443223
3RBI0I35XE36FT7IKQ79PYCU9LT3Y4,0.19293965839943938
3L1EFR8WWT5MU4F3W9GVRQ8032JF96,0.44999417792542257
33J5JKFMK6YX6RGWTGQFCC9SACHQ3T,0.28395754836776066
3N5YJ55YXG3CNF2PM3D8VQSTBCFANH,0.22809426688936282
337F8MIIMZDU0UU1CW1J7BAGB8G04R,0.3566452040427248
3ZURAPD288N45ZC8SW12CKQH5QV1FJ,0.3092150328704996
3OLZC0DJ8JF412UW0IRCM5APAMTVIS,0.41771004430078773
33W1NHWFYHLBJ0FHVRFJLIPU9EFZTD,0.29067830803348976
3XBYQ44Z6P47P5ACK4VCMEVCSCBWTK,0.5363487382670646
38RHULDV9YFHGRU1QSW887T3HVVIWP,0.27981367755864534
3WKGUBL7SZM7XQJN1PN25V24E6R4L4,0.3340169684662125
3IKDQS3DQE082TOW91W7WDM0PG6ICB,0.38950987630972445
33KGGVH24UHL5L3TSQ7OIRQO9VL1X4,0.2697155077619217
3INZSNUD80QPWK1753L53Q5FRQV9DJ,0.42834078410419363
3421H3BM9AH2Z61ZFZ7G6O0SW9U9JX,0.2233956183541913
335HHSX8CD5IBQJQ3F9XG733A33DHD,0.2889833643417866
33BFF6QPI1B2QOCI5PPL41REYDT3W5,0.2703853751983574
31HLTCK4BLVQ5BO1AUR91TX9V9WVGV,0.43814744398844707
37VUR2VJ6APX2NSY1UB14E5E8DXC1D,0.25617253839945037
3UEBBGULPFOKEW36UKBMNMVEGOLFUR,0.5169345362109998
36KM3FWE3RCRJHCKEUZQANUQ2A070C,0.5463319742398827
38F60IALAGHEHF9RRX2RFJM8R7X0TN,0.4669766306443223
3W0KKJIARR9XWLO7SS1E775URSCK8I,0.2410542355310377
3ZURAPD288N45ZC8SW12CKQH5QPF1R,0.5241889079014931
3AC6MFV69KILEROMVXYU7ZM6YKKZH3,0.2825454723368481
3X0EMNLXEPPWIOH0DDHWV2B1W0OVP4,0.24762467700170576
3YZ7A3YHR5TCXMIDZ33DM9MD6WTS5A,0.555530073924589
3R868ACW4SC7EVTBBRGCMZA5JLZZGY,0.29947168645150085
3YCT0L9OMM9GNBOJ33ZZGQMZXIMNSQ,0.25617253839945037
32CAVSKPCEPTOH9YNLW1YKRKFDA1UI,0.21716446382639687
37Y5RYYI0P5LZ52N59M8ESDXZVYXSK,0.2700773983509138
37J05LC5AXJE2WEGRFCISKJINU9DJI,0.3047778465958343
36QZ6V1589DTI18S04BLULET5EEUSO,0.23543472786533653
3538U0YQ1FU0F2QNF0FL0D5E3A3F3J,0.27496940354147065
307FVKVSYRF8I5ULXVMSMQK3JMG74S,0.43814744398844707
37G6BXQPLQL0GPWTI07BV3DP112QEF,0.284975153246976
3XEIP58NL0NN0N7CMIDSZRFDF1TZLA,0.250420249870504
3E9ZFLPWOYSW5RZR0XSUAQ7AQXWIXD,0.32305699641203955
38G0E1M85M59ATPWUZGQ58Y04HGUVZ,0.36667225875198417
39TX062QX1OHFOH8FUL76K5L7GWX3R,0.29947168645150085
3HJ1EVZS2OJXISVW6VFFH2JX6YK3R8,0.26582960754399315
329E6HTMSW2BVOI1GB6IGQXJB7I3K9,0.24425172381707405
3VAOOVPI3ZS3VYQ87HMJRC4F0SLLLD,0.24762467700170576
3RKHNXPHGWWVUIVKVV2J3ZNJOK2KUY,0.2805496264288402
32LAQ1JNT9PUX1L7P4GB4QAF7XSUTD,0.25772194688506395
3XUSYT70IT170QDU572CAF4MOL90D4,0.46907552875183434
3V0TR1NRVA2Q17SJ4YYCWHMTKVL4AH,0.2889833643417866
3NC6WP7WJHKZHME6F90N9Y2BW6TWWA,0.2156648991306233
3B6F54KMR2CD94HUYG11JJ9WUGOS1S,0.3047778465958343
3KG2UQJ0MJO4AV96BZAULQ7YFT8NQ6,0.1825665807984434
3XU9MCX6VOC8XAZD2V1AYSE50KE2RQ,0.35787307696788495
3SU800BH86SH5LTF80MGZLZSNP1UQ5,0.3608046042689544
3PKVGQTFIHKYYVSKVG857WFAFZ9RYW,0.5952636855541952
3TFJJUELSHP4R8AUKYBF9XFJ0JB2CK,0.24537028424181165
3XUY87HIVPE77YQE75ODR2YT02WMMD,0.30046577233536303
3MG8450X2OAW59S08N7RZG9IITFUPE,0.24989334849500244
36FFXPMST9O9FNAFTONDR1F2EGCOHL,0.28395754836776066
3CVBMEMMXBG2UHIGC26BGFT7OS0H7O,0.3410206860517105
31S7M7DAGGQREBYDGQOAD3EWU52TLJ,0.43814744398844707
33IXYHIZB5IJO6U8GPHAZLFMLVOE2P,0.303926590637179
3ZVPAMTJWN3YC47K1AMZ0W86A3OGRS,0.3474463712196871
306W7JMRYYYW3IKDMFOL84M44Y8B8U,0.3357215121937604
33NOQL7T9OZSLGNTST4OUMT7V1P8ZS,0.42834078410419363
3W1K7D6QSBHBNEL0V5OYLOJ837ABZU,0.5350107115259487
3VGZ74AYTGGU62I1JDW4B19KA2GCGD,0.21576345468438843
3RBI0I35XE36FT7IKQ79PYCU9LTY3Z,0.30538426477636715
391FPZIE4CM4SSUCPAZMQ77RW3YHUR,0.29277064577226714
3VMHWJRYHVGCV0X1ZPM97TUIA61XF0,0.3370941046061304
3CMIQF80GNQW3A3ECIODJFLCK3E6QA,0.569296895847405
3HJ1EVZS2OJXISVW6VFFH2JX6YE3R2,0.22441960695357838
3SU800BH86SH5LTF80MGZLZSNPWUQ0,0.27496940354147065
3DWGDA5POF4T1WYYSB66U6T3TLC1V2,0.29067830803348976
3D06DR5225J65XHPA2Y8IB3T6LCAMM,0.3708303660746817
3SU800BH86SH5LTF80MGZLZSNQUQUW,0.1825665807984434
3O2Y2UIUCQU6B0YU067KHZMGEWPKFZ,0.2700773983509138
3K3G488TR280K6307ZE8R97CO91Q5E,0.26582960754399315
3JYPJ2TAYI87MRVADYCSDG8F87TPF5,0.4523908240590994
3XBXDSS888JYVS7XL0P726Z271VLXZ,0.24086818348682462
375VSR8FVW9Y3L2PR2AOL3OCLTIRZS,0.2939273905738907
3KLL7H3EGD1457JCU09RMT9AA9FHVM,0.2697155077619217
3KVQ0UJWPXL543ZMJ8DEJYPYC9K5WX,0.17970872581372244
3D7VY91L65XBO7MHGGY4DMNZO4QBMD,0.22809426688936282
37OPIVELUU3KDJGEJ5IVQ6VXPZ8AH8,0.24425172381707405
3WKGUBL7SZM7XQJN1PN25V24E6L4LY,0.3545121805150437
32TZXEA1OLKU7JFJ8F5JLGTQG1F41T,0.4057841340703806
3D1UCPY6GG9R0NG07M9FQLOSG6R38R,0.4473731311262219
39HYCOOPKOL434K1UCPA8CBZRO4DMM,0.2288241375734975
304QEQWKZPKY4N4JVGGSL9GLSZF0O0,0.25917231746392044
3E9VAUV7BWE6ZE63T5MJC6Q0FWJAY7,0.2999322998902719
3MDWE879UH2WHN3NR7UZ80HFO4L9BC,0.25744539995416466
35A1YQPVFEGN38FHUR9ZI7GQXYMI53,0.3047778465958343
366FYU4PTGPE5MYY5VNEZH1G2VAKEH,0.1940903050184225
30UZJB2POHC8D5XY9O2CE1E1EGV53W,0.4180318738684278
3IWA71V4TIGGC74QYWJ5DNH5H676XD,0.3261125353920476
35O6H0UNLSGJYJZNC9UZU8VQADBJ5G,0.25617253839945037
35U0MRQMUJ7EXO5ZYD4H626BMVSOVG,0.4523908240590994
3IHWR4LC7DD6QQYJSPG2URQHZPLI85,0.25744539995416466
31JUPBOORN48GR6PDSDFM7I9GSI8LA,0.42076341365953623
382GHPVPHSRQHMTYVJJ2998NEK043Q,0.284300473646318
3XAOZ9UYRZR1WO2H6CCWOJUVCTW1Q7,0.29947168645150085
3T8DUCXY0N6WD9X4RTLK8UN1UCJ9T2,0.41441911035968154
31D0ZWOD0AZ92JAILXBAKEWG3IC0A2,0.4192288961988153
31GN6YMHLPS6A5XXV4QMC9ZQQTSSWM,0.23614151766261474
3SNR5F7R92TNZR8A5S22M1M3ARQIE9,0.25772194688506395
3SCKNODZ0XGU4D4RF01OLZQ3A3H7NT,0.24760890247571513
3MIVREZQVHY32PO3EMIETYQULY3QK4,0.21576345468438843
3SSN80MU8CONBMPF00D6N6MNI1LKXQ,0.3264797959307348
359AP8GAGGKBD970QASA5OWRBZXC7A,0.32314714567576436
3VGET1QSZ0ZKR7D571SBHI3U3GDW73,0.25772194688506395
3W3RSPVVGSR6EOD2GVEKIZ0YDK7ULB,0.2288241375734975
3J5XXLQDHMBPBZCDFFKPIZ80R4X3V1,0.555530073924589
3H5TOKO3D9JPE5GGELH0GCK7OBW64S,0.2764454177671595
3SBNLSTU6U542BJK91F4GE786SMDZ3,0.28332270985300473
37VUR2VJ6APX2NSY1UB14E5E8D3C1J,0.2638391298684967
3MXX6RQ9EV5XOBYLTHG9MCBOJGRP4M,0.23685446075432792
3E22YV8GG16JAJ8RBMV5LLHOAXMPNH,0.1825665807984434
3OREP8RUT2BBWXQV5D090H32SHGGBA,0.24541959337585018
3NKW03WTLM7UXPIK301HH9KP856WQ0,0.23117049448315477
3CRWSLD91K4V71BQKL3QJ6NYV2GMOX,0.5463319742398827
3XD2A6FGFNUVY9KP2TGUYPRFSS7S9W,0.2638299872260976
36GJS3V78VQHEGO7T5DQY5MF0MUJG3,0.5169345362109998
371DNNCG442WZ4EUM1F68YSQA53T8X,0.2889833643417866
3K1H3NEY7LZ4BUOFJ9RFV7R2V2SGDH,0.2812868588429308
3NRZ1LDP7W6DR8MAEA6ZG8OXKCMZP2,0.303926590637179
39WICJI5ATS6KJHNGC9S35LWFF33Z1,0.43814744398844707
3KL228NDMVMCP0UPBQD2ZKMSFBUKG3,0.27704912674458987
3VMV5CHJZ8FBSJKC5ZRU0B9OYOGTGD,0.303926590637179
3U74KRR67MLH2B1YS34PQVILZ07NTK,0.555530073924589
30EV7DWJTVV5CCU03S57W1OEJC0Y6A,0.2697155077619217
3A520CCNWN08T9PCT4AP53YKXKEAES,0.3708303660746817
3CMV9YRYP31X08284WA6BXRNW3GLJB,0.5463319742398827
38Z7YZ2SB32CWUYFEJX2GIBHTU9IQG,0.31467278816994393
3VLL1PIENQOV68A9ZATKR8J7A7QZOL,0.43814744398844707
34F34TZU7WZRZMG0UQS1W1SEQ3Q2J4,0.2703629876605009
3IYI9285WS04X482RJH78E102U2JCT,0.284300473646318
3G3AJKPCXLSRXPQMK4CSZ340NLP4YQ,0.24762467700170576
3ICOHX7ENCBCSWRU12DWGXM7OX50ES,0.24192515299673137
37SOB9Z0SSXMFU0J1BIJVQAY07NL3U,0.25772194688506395
33NOQL7T9OZSLGNTST4OUMT7V1UZ8O,0.28395754836776066
3KTZHH2ONIFSM9OAD4EUMKXYGX7M8P,0.5241889079014931
31S7M7DAGGQREBYDGQOAD3EWU60TLJ,0.2288241375734975
3B0MCRZMBRUJD4K4R18XPAMJACNPPD,0.22809426688936282
3NI0WFPPI9G8FHYFVKUY49UU7ZH60D,0.2889833643417866
3S8APUMBJXJ5IXU0UTURIW3QR3EBF6,0.41771004430078773
3XEDXEGFX3OFEWJ4XOOZESZC8U10KC,0.36894887594338965
3HEADTGN2PSHU1XFQ5LL0XBGXJ5VRR,0.28395754836776066
3ATYLI1PRT256T55HOQY3EVHR8GJOL,0.2461237360913333
3TLFH2L6Y9OLDPC56K65Y7FNO5H2T9,0.3155247564433043
3FJ2RVH25Z62TA3R8E1O77EBUYE299,0.37436750965588533
3M47JKRKCX1QX63IQO7DXO0CQXX684,0.26582960754399315
3CESM1J3EI31N7Z0ORNJB43Y840W69,0.17970872581372244
366FYU4PTGPE5MYY5VNEZH1G2VAEKB,0.21576345468438843
3LN3BXKGC0V3K0O604W5NVGN2I3GWV,0.17970872581372244
3WRAAIUSBJZHZ9GTO90HTSJRDPRAX1,0.2706781428117349
31KSVEGZ34SU9QXKGFQHMZUU4REWR7,0.28603356545494896
37VHPF5VYC3FDNCJ0FKGJOSMMJ3C8X,0.261019314706718
36D1BWBEHN1H0UMLXN5TCTKVUXL2M8,0.2352147981081634
38B7Q9C28G5QBBMSVGDRXKVNA4869O,0.3708303660746817
30F94FBDNRKF12C1PDZGZ0IRIBOTBW,0.264742201460018
3Q7TKIAPOTAKXM2GU0OV8ZWARJEDLK,0.36894887594338965
3TZ0XG8CBUKDFP5GOVAPHYREGY698J,0.30046577233536303
3BC9H1KCYUC36R96UAIBUVNR7ENWY3,0.261019314706718
3SV8KD29L4SCGHPU1I1RKR2YQ2GZK1,0.25744539995416466
3CKVGCS3PG5D2FWC2XX15EQMPOIS0P,0.21576345468438843
3XWUWJ18TLQ9XE0WP96L9MWHQA2UU5,0.34759141486938694
3OCZWXS7ZO7PT9NNFU6CAN8IE2G5L4,0.26582960754399315
37J05LC5AXJE2WEGRFCISKJINV7DJI,0.2329609806503287
3H5TOKO3D9JPE5GGELH0GCK7OBW46Q,0.36102927817421626
3KTCJ4SCVG1AB94PEJ5F7AAQ2R11MK,0.22441960695357838
3SBNLSTU6U542BJK91F4GE786SRZDU,0.29546093845837357
3LG268AV3860SQBTVFWB0TNUXN4ER4,0.24192515299673137
3ZZAYRN1I6RZKW1ATI425KIQPA7TO0,0.2288241375734975
3HY86PZXPYICZLCCXLHWU25HTPA1EV,0.3009766074705047
33NKDW9FFXI5SODR8NW8ZN9FDSHXCV,0.5952636855541952
3WJGKMRWVI9RUI8AHNVW5G6NXA6CD9,0.555530073924589
374UMBUHN5PYB7473DVBAKO90WTTC8,0.2156648991306233
3WJGKMRWVI9RUI8AHNVW5G6NXA0DC4,0.33669443936833937
3OJX0UFJ0Z7BDMCTRYBUDQ93DPRU9D,0.20180656823282941
3UOMW19E6D6WQ5TH2HDD74IVKT25CO,0.24192515299673137
3PMR2DOWOO1TV1G2927VO667SGL54B,0.41441911035968154
3087LXLJ6MG4YARQWDX2YF770ZH0F9,0.3092150328704996
3K1H3NEY7LZ4BUOFJ9RFV7R2V2XGDM,0.28603356545494896
39N6W9XWRDN795J6F5ET8S13DQ3GYU,0.3340169684662125
3B9XR6P1WEVLNZGWDJLCXUVIK92JBM,0.3340169684662125
32K26U12DNONTREA84Q1V8UCIIEDV3,0.29947168645150085
3CESM1J3EI31N7Z0ORNJB43Y84V6WE,0.2153364174050977
375VMB7D4JJI7LUA9XRIGJ4IAFKIDB,0.3092150328704996
3OB6JN3A9QPY4E36CDKUD1S36PVMR1,0.33926585952752364
34F34TZU7WZRZMG0UQS1W1SEQ3K2JY,0.4180318738684278
37Y5RYYI0P5LZ52N59M8ESDXZVYSXF,0.28970648310586394
3L2OEKSTW9ASGQDOW725GFK5P7LY8R,0.29947168645150085
3GS542CVJVNUS7MEQX3M5EHNE9X597,0.2862208379407274
3L55D8AUFAXUST31DJIAI1GOFY6CYB,0.22809426688936282
3KI0JD2ZU1IMXSYZGJF7JO4HFEK76D,0.3944478191548588
37SQU136V7ODFKI0LXMHNIMN4G711D,0.28603356545494896
3ABAOCJ4R84YSDO6ZYVU8BIYA3YQM9,0.4321237939148399
31YWE12TE0CZG7IVH6OXJ1H1CHKX7W,0.2764454177671595
39RRBHZ0AU1QWSJ60MFYM0DF6ZVZVT,0.4523908240590994
3DTJ4WT8BDF9UHXK5WQOMWPT64SZEN,0.303926590637179
3URJ6VVYUPNF3BMKEH3UXC6Y9BVO44,0.41441911035968154
39I4RL8QGJH5BU0XA484D39XXPHH49,0.4669766306443223
3HKIF5DF6YXS84BY7TMD9B8C4HD9GT,0.303926590637179
3566S7OX5DJRQ6X2AD3QOSD072671F,0.43525506933332225
3MG8450X2OAW59S08N7RZG9IITAPU4,0.41441911035968154
3TKSOBLOHLGF5GIKPR8VZ6C5C4OBBO,0.2889833643417866
3EN4YVUOUCSS02JXIFDUMRMA3CQJXV,0.1825665807984434
37Y5RYYI0P5LZ52N59M8ESDXZV3XSP,0.17970872581372244
3CVBMEMMXBG2UHIGC26BGFT7OR7H7T,0.22508268011021584
3EN4YVUOUCSS02JXIFDUMRMA3DJJXQ,0.41771004430078773
3J06WJ78HNK9N8EWZPQV1U0JIOPVVP,0.3340169684662125
32TZXEA1OLKU7JFJ8F5JLGTQG0M14V,0.2764454177671595
31HLTCK4BLVQ5BO1AUR91TX9VAUGVG,0.3357215121937604
33KMQD9OFJE51SC4ZTKZP24DAOC77I,0.35787307696788495
38XPGNCKHT0ATVVHFTP8S40654T4VN,0.2153364174050977
3ZLW647WALVGE8EBR50EGUBPU6Y23M,0.24425172381707405
36818Z1KV3D5JB9F4KTTMCUN6UR3AV,0.4180318738684278
3L1EFR8WWT5MU4F3W9GVRQ8032D9FU,0.2703629876605009
3VJ4PFXFJ37PI5MYJ4PU9LKNJ88UAT,0.555530073924589
3E9VAUV7BWE6ZE63T5MJC6Q0FVLYAV,0.29590880035937606
3MG8450X2OAW59S08N7RZG9IITFPU9,0.41441911035968154
34OWYT6U3WH64VHTXHMGUNLSJUB9IR,0.28603356545494896
3KWGG5KP6J2UYCENUGUZO6TH6OSCML,0.2233956183541913
3OB6JN3A9QPY4E36CDKUD1S36P0MR6,0.28970648310586394
3AJA9FLWSCYF558603M84J73MS5FIO,0.433748715428871
3G3AJKPCXLSRXPQMK4CSZ340NLUY4P,0.5952636855541952
35F6NGNVM8JSZQ9BCWN0UYWVZL37TU,0.21576345468438843
3YO4AH2FPDK1PZHZAT8WAEBL70SQ0T,0.3047778465958343
32TMVRKDGNYCIJZ470EY0QGYU6M84G,0.4180318738684278
3K8CQCU3KE19US5SN890DFPK3UPWNJ,0.39782062355275993
36U4VBVNQODHHM8FLFBG4B9XJB3RU3,0.17970872581372244
3QMELQS6Y5BWFBIEPXDDO5VHGPLR61,0.2829471668401306
3BA7SXOG1JQJJP12ICAB8JR8MKB8R4,0.3708303660746817
3W0KKJIARR9XWLO7SS1E775URT9K8H,0.24192515299673137
37OPIVELUU3KDJGEJ5IVQ6VXPZ8HAF,0.37660324236069626
388CL5C1RJN1927IGW7LZKB8JB7LH1,0.41771004430078773
3EAWOID6MTXTU7DGWS26G1ATOSD0V3,0.3474463712196871
3NI0WFPPI9G8FHYFVKUY49UU7ZM06C,0.35787307696788495
3ICOHX7ENCBCSWRU12DWGXM7OY2E05,0.22809426688936282
3QTFNPMJC6IDONAXYVT7CJJ2KWTNZ0,0.2329609806503287
3CO05SML7V5110WZN8XWF4LQ3NS0R4,0.3355358707815104
30QQTY5GMKK7Z3O0C1DAZUIXI02U72,0.21690463993438944
3RBI0I35XE36FT7IKQ79PYCU9LYY34,0.5463319742398827
3SD15I2WD2U4W9XCE7CH67S1AB5369,0.24924082936686615
38EHZ67RIMS7FOUSW2QIEXEW4GPGM4,0.3708303660746817
30EMX9PEVKJFF53G6Q7JOY5V3MJKSI,0.28603356545494896
3T2HW4QDUV7FRSVT57QUJKNX6PRC9S,0.4180318738684278
3PMR2DOWOO1TV1G2927VO667SGR54H,0.17970872581372244
3R16PJFTS3RWDK15GPB1QVPPP6M4K1,0.25617253839945037
3X52SWXE0X5Q3O81YI0MX4V84QBWC1,0.3155247564433043
3ZFRE2BDQ9EI0HO101GGALA0MAYXZP,0.27403411205176714
3S4TINXCC0NZOA7TTWDH5QC4J3COBA,0.2825454723368481
3XT3KXP24ZYJMCFVZAJ4ADUQTTX6I7,0.2691226711342654
3LCXHSGDLT6CT5B6A4WGQ3SQJPNSE6,0.42834078410419363
30Y6N4AHYPWV0KXTZKLRUB59XB3DRA,0.261019314706718
3UZUVSO3P7V9VAY1Q70UEUTKR05MEO,0.25617253839945037
38VTL6WC4AD9T8UMY9V24VAENII5YW,0.32771839889105303
307L9TDWJYSC3U34DOYY8IEN51V3NK,0.4545586369301153
3LN3BXKGC0V3K0O604W5NVGN2I3WGB,0.24762467700170576
3KWGG5KP6J2UYCENUGUZO6TH6OXMC0,0.32792839009655966
3EFNPKWBMSO9IYBXCIW0X6IAX9C303,0.5363487382670646
32L724R85LKRWIX0E6IDGDL7OYSIPU,0.36102927817421626
3KLL7H3EGD1457JCU09RMT9AA99HVG,0.17970872581372244
3RWB1RTQDJNY7CLN5K6M3ORTL2NP8T,0.24425172381707405
3TLFH2L6Y9OLDPC56K65Y7FNO69T2U,0.29546093845837357
307L9TDWJYSC3U34DOYY8IEN52NN3Y,0.24425172381707405
3P888QFVX3UMSG9ICEA70F73538QOJ,0.5463319742398827
3OJX0UFJ0Z7BDMCTRYBUDQ93DQQU9E,0.2690446458778526
3F6045TU7DODTUOQTNG3HUMP04O998,0.310285028372103
3TUOHPJXYHXE6MJWPEW9BHGI58UXWZ,0.37436750965588533
3R15W654VDTEMV6LZMUF8Y39AY3LQX,0.2233956183541913
3NOEP8XAU42OMDMVDSIEJN8MCBRPXW,0.5241889079014931
3AJA9FLWSCYF558603M84J73MTYFIJ,0.28395754836776066
3M4KL7H8KVN8M6JXR3YYIED4CRR61K,0.4473731311262219
3A520CCNWN08T9PCT4AP53YKXLYEAI,0.32016212957929874
3K3G488TR280K6307ZE8R97COALQ50,0.31337631445670755
3VMV5CHJZ8FBSJKC5ZRU0B9OYQYGTM,0.38438145562170667
3E24UO25QZQTIYQYX5W9UAQC54EO66,0.22428611894604808
3AQN9REUTFG4XL9FDFDL27Y60ZJYD0,0.20180656823282941
3E22YV8GG16JAJ8RBMV5LLHOAYIPNF,0.2793808154434246
3D7VY91L65XBO7MHGGY4DMNZO5CMBC,0.2541524578921856
3TZ0XG8CBUKDFP5GOVAPHYREGZ289G,0.34019066510323737
39KV3A5D187RKQWWNWIAKT09X41S76,0.23810611255298142
3WPCIUYH1A88GZAL39QMUQ6RLX2DTR,0.42200362212088105
3INZSNUD80QPWK1753L53Q5FRQZD9R,0.35543763782088134
3IHWR4LC7DD6QQYJSPG2URQHZQ58IH,0.265363588259006
3O71U79SRBPA5T3JR2KZ3BXZSSFMSS,0.30975114533754444
3S829FDFT21FXGJ58JRJJTRXYU6DXS,0.33211567170337475
3ROUCZ907FUJ74W2X1I3BAC3Q4AOOX,0.29921107045048345
3V7ICJJAZAGVKHXBACY8RS6Z2D9B4M,0.3228434267543284
3J9UN9O9J3SK3CDMF3ONDDZZT62J0Z,0.23836262587243645
3IHWR4LC7DD6QQYJSPG2URQHZQ5I8R,0.38438145562170667
3HFWPF5AK9J9J7V9LKFK7COTS1Z3SU,0.34753061972106203
32FESTC2NHQDBKJW3ILLFGABJCFUCJ,0.35726287557140285
3XH7ZM9YX2UJXUKCN4GP8FMJ6RPR9A,0.21485662004503858
3ZC62PVYDHATVMOMZJSVD0UPEB1XXV,0.34758543910626866
3MWOYZD5WVO1PJWQWMIQWLCY0TMONX,0.21758067982615337
3X0EMNLXEPPWIOH0DDHWV2B1W23VPN,0.24200512529949522
3CESM1J3EI31N7Z0ORNJB43Y86E6W1,0.19165370619777203
3R6RZGK0XFCQR29140DF8T4D074YVI,0.43525506933332225
3HYV4299H0WUALWXW6QB9CSP7XY8E8,0.28943220346509635
3W3RSPVVGSR6EOD2GVEKIZ0YDLRLUO,0.3164909318836652
3TTPFEFXCTKJQH4BTS1JA1TBTHK6HI,0.39417800350688936
3L21G7IH47WA5QT3XMTQ15XXB301YZ,0.29653782484064517
3E6L1VR4XWMZCLD5Y2DJ7GHYD26F6S,0.29466827127077083
3VMV5CHJZ8FBSJKC5ZRU0B9OYQYTGZ,0.2434243080339408
3ZQA3IO31BRYBCP1RZKSZEZVXSIO1Q,0.2928658577413629
3BJKPTD2QCC2H9TQLAL6ZFNV0Z9RTT,0.2833560777503437
3UUIU9GZC55DCMVSO383WEIZ8HK5TT,0.34753061972106203
344M16OZKIFFDSJ128FUR9IKWSXNEB,0.33101993920254397
3SA4EMRVJV2GPNGKAGT7A9LB257P04,0.4750126113388114
3XQ4XW3OD9CKYPZQHK1FO2J1MOHS2S,0.326463379666996
3SMIWMMK615MPIP1K9LMRAHEBREUW7,0.31792638174394866
3D5G8J4N5A4UAGA7UUQG0CCYL5MVTQ,0.33101993920254397
3UUSLRKAUL3LI1DEQ6NLPUE9W1RD7X,0.25689601899097403
3G5RUKN2EC3YIWSKUXZ8ZVH95VH9NN,0.28417392330485325
3ZRKL6Z1E83ADJ7XGZM4Q6D2W64GSF,0.4248700267149431
322ZSN9Z5GKVG3RSAYPTRMCL8LP4TN,0.3117631248696515
3ULIZ0H1VA5C32JJMKOTQ8Z4GXD512,0.30046577233536303
3MG8450X2OAW59S08N7RZG9IIUBPU7,0.23168901666436875
3MDWE879UH2WHN3NR7UZ80HFO669B1,0.20768424756047504
3KI0JD2ZU1IMXSYZGJF7JO4HFEO76H,0.43525506933332225
38RHULDV9YFHGRU1QSW887T3HX8IW6,0.2461237360913333
3N5YJ55YXG3CNF2PM3D8VQSTBDZAN3,0.2862208379407274
3FULMHZ7OUXR381811OH58HTEDVM46,0.28146261070645084
3FULMHZ7OUXR381811OH58HTEDT4MM,0.28146261070645084
386659BNTLHD8VXIPEIH9D3DZQJ10W,0.2329609806503287
30IRMPJWDZJ3EQ33R17EYO0ZHL1KRX,0.257972301000645
3X2YVV51PU46GLY3ILB2G8CH0V01W0,0.37141340013556473
3X2LT8FDHWIORLIOH6KHVIZPE138WO,0.18414315864903386
3J94SKDEKIP6VXZV2D8ORA0D5VW5DA,0.25689601899097403
33NKDW9FFXI5SODR8NW8ZN9FDUUCXR,0.3007999948651429
334ZEL5JX6FY5WOV4IZCVFM4NTBOSS,0.28514812336196077
3W0KKJIARR9XWLO7SS1E775URUU8KS,0.40036361731669606
3K2CEDRACB1BKTGYG2PPDGTLUCCMT2,0.25689601899097403
3SA4EMRVJV2GPNGKAGT7A9LB26QP0P,0.3279279231220118
3NBFJK3IOHIVFRF49I5V6131ZIHOG8,0.35726287557140285
3BCRDCM0ODUAS75JZD4GNT93LZ4K6I,0.29466827127077083
37AQKJ12TXOFXO6IPZQ1ZUODOK8TTA,0.2700773983509138
30P8I9JKOILSPEZHTY8IXW6K522V51,0.3913793356350088
3FO95NVK5C0129GBWAGGPAR9YGVSR5,0.2313009940324277
3XBXDSS888JYVS7XL0P726Z272RXL9,0.2862208379407274
367O8HRHKG8U13EDLYK3HHGZ61US43,0.2793808154434246
3V7ICJJAZAGVKHXBACY8RS6Z2EPB44,0.33532819295177896
31S7M7DAGGQREBYDGQOAD3EWU7KLTX,0.35787307696788495
3P520RYKCH6SCZAHO8YD1A41RUAU5Q,0.43525506933332225
33TGB4G0LPHME5F2U9RYOX9J1FDXTC,0.3017291236027167
36KM3FWE3RCRJHCKEUZQANUQ2B170F,0.29937672934504794
3RQVKZ7ZRKJYFRFYTH34TBN5ZA572L,0.23685446075432792
3PUV2Q8SV448KDG43NZ1UW05FQ2DB1,0.33101993920254397
3RSBJ6YZECQP1RJ9YYZDOG3PY21OFR,0.3080574654114675
3YCT0L9OMM9GNBOJ33ZZGQMZXJ6NSC,0.3437671782753463
3IVKZBIBJ09ODF28054MB6P3B7ZSHA,0.29937672934504794
359AP8GAGGKBD970QASA5OWRB0ZC7E,0.2406778484594478
39N6W9XWRDN795J6F5ET8S13DSIYGV,0.23168901666436875
3A3KKYU7P3H3CAKSB7U0000KY5BWMH,0.2641905291717974
34R0BODSP1ZBN3DVY8J8XSIY56HE5U,0.25893111188264706
3XEDXEGFX3OFEWJ4XOOZESZC8WI0KX,0.2521517654348783
31KSVEGZ34SU9QXKGFQHMZUU4TRWRO,0.3117631248696515
3AXFSPQOYQYB0GSCIL78GKM3Z8RJF3,0.23836262587243645
3WJGKMRWVI9RUI8AHNVW5G6NXB2DC8,0.43525506933332225
3BAWBGQGYLZ7CID0HRNFVGKGW8VV7E,0.5196173207620558
3J9L0X0VDFMO5Q1YMYQVVEU0Y64W9I,0.20768424756047504
35F6NGNVM8JSZQ9BCWN0UYWVZNFT7W,0.24222854745722666
3HKIF5DF6YXS84BY7TMD9B8C4IFG94,0.37141340013556473
33P2GD6NRNSQPWP0VWVKKKYTUDKKHJ,0.2120600949399401
3VMV5CHJZ8FBSJKC5ZRU0B9OYPHTGG,0.27204104885668734
3BDORL6HKKDLVSRFZOQGA5NRCCTCRD,0.23688080649676949
3W3RSPVVGSR6EOD2GVEKIZ0YDKBLU6,0.2352147981081634
3ULIZ0H1VA5C32JJMKOTQ8Z4GYW51N,0.37141340013556473
3P888QFVX3UMSG9ICEA70F73549OQK,0.3551894961505674
3IWA71V4TIGGC74QYWJ5DNH5H72X61,0.28417392330485325
3XEIP58NL0NN0N7CMIDSZRFDF2PZL8,0.22600090159814887
3GV1I4SEO9PLCDN1KDGH2TMIAZA6L8,0.20768424756047504
378G7J1SJLY50MSFU96HNSVBP44EWW,0.2313009940324277
3SZYX62S5G0QEOYLB052RIQHJKT57H,0.30357448877106924
36AZSFEYZ40UEUGQU8ZV0I6CFYNBVH,0.3084829373250666
3HXCEECSQMT70MEB5X2ITZH9OICZYL,0.31356914765774613
371DNNCG442WZ4EUM1F68YSQA7L8TY,0.35726287557140285
38XPGNCKHT0ATVVHFTP8S40655P4VL,0.20400764737249627
3XQ4XW3OD9CKYPZQHK1FO2J1MNZ2SI,0.34753061972106203
3X52SWXE0X5Q3O81YI0MX4V84R8CWG,0.25689601899097403
341H3G5YF0EA3RIQXPR917NPC4EZ0Z,0.3313630798364599
3FDWKV9VCN2QK6VNG7FZICFNDQGUMY,0.3279279231220118
3MD8CKRQZZN836XL9G72X90M2W1RJ5,0.23836262587243645
3VGZ74AYTGGU62I1JDW4B19KA4YGC3,0.37141340013556473
3N7PQ0KLI5P89OQRKPVFIVKERAQE34,0.43525506933332225
3ZUE82NE0A1MGZWTRHAHRUDPJXWF8E,0.3861502520276934
34F34TZU7WZRZMG0UQS1W1SEQ52J21,0.265363588259006
3XEDXEGFX3OFEWJ4XOOZESZC8WIK0H,0.23685446075432792
3INZSNUD80QPWK1753L53Q5FRRFD99,0.31892841170775954
3GMLHYZ0LEXQENK1ZA3AC72UMZEUY6,0.25689601899097403
3MNJFORX8B43THDRTJ3EFA3YH8CF5V,0.3229326028651904
3U74KRR67MLH2B1YS34PQVILZ14NTJ,0.24127391842979767
3ZVPAMTJWN3YC47K1AMZ0W86A4LGRR,0.23685446075432792
3VGET1QSZ0ZKR7D571SBHI3U3HZW7R,0.265363588259006
3SX4X51T809U5021NIDLAFSY1N4AOI,0.20768424756047504
3OQQD2WO8I6KPTSDG8L63AI6J4GI32,0.2513323743761905
3NOEP8XAU42OMDMVDSIEJN8MCD9PXI,0.31892841170775954
3UAU495MIISEK9GZTNUCAG4S8PFOUP,0.43525506933332225
3IVKZBIBJ09ODF28054MB6P3B7XHSX,0.1940903050184225
38EHZ67RIMS7FOUSW2QIEXEW4HMGM3,0.20400764737249627
3DA79LNS59VAY78OAKKAHHKFUKD3TJ,0.30126673073104104
38LRF35D5LWPYKNDAPAKMD6HD1M3UI,0.22600090159814887
3WGZLY9VCHMPIFIX0BFR3UA47KHD82,0.28970648310586394
382GHPVPHSRQHMTYVJJ2998NEMD437,0.2521517654348783
3909MD9T2ZH3P06K4KWHJ49BU1BEFV,0.3913793356350088
3FVBZG9CLJEOC6IWR3L210JKGEY0HB,0.20768424756047504
3KWGG5KP6J2UYCENUGUZO6TH6QDCMA,0.3313630798364599
32L724R85LKRWIX0E6IDGDL7O07PIK,0.2607438868466891
3LOJFQ4BOXF9DGKY90CUTZJV2LRKDA,0.34753061972106203
3VDVA3ILIDFAJZ833G7KU5QT6781GZ,0.2458797114793651
3XABXM4AJ15J7OM25XLB3TH3QZ68Q2,0.22441960695357838
3MZ3TAMYTLNC8VDFRYM2L8LMPHCRIT,0.3007999948651429
311HQEI8RSGOL2IAIOCIGMXCKJ1Z7I,0.3313630798364599
3W31J70BASWZ8OEK94HJ9T1DHLFKCA,0.39894261862982805
3UOMW19E6D6WQ5TH2HDD74IVKVLC5I,0.3882941501441457
3OKP4QVBP2X6DNL3ZZ0D56JWA1DAGV,0.2313009940324277
3UOMW19E6D6WQ5TH2HDD74IVKVNC5K,0.31982425424621636
3HXCEECSQMT70MEB5X2ITZH9OHTYZZ,0.31260569414405015
30EV7DWJTVV5CCU03S57W1OEJEE6Y0,0.24222854745722666
3MIVREZQVHY32PO3EMIETYQUL0GKQF,0.33141782281393406
3NZ1E5QA6Z1DG01BOHHIWKCD2AKB59,0.31792638174394866
3HXK2V1N4KFH8KQZMK7YZO0YYC5G2C,0.20768424756047504
3QE4DGPGBRBRBY5MQYQMS3XWIRHG4Q,0.30046577233536303
3CZH926SICETRK9VK30YS0CK5AME4P,0.23706531744602177
33EEIIWHK77HI0IFDQWLV71B1YNVQC,0.24127391842979767
3SNR5F7R92TNZR8A5S22M1M3ASMEI3,0.22441960695357838
337F8MIIMZDU0UU1CW1J7BAGB9C04P,0.20388706883044827
3D1UCPY6GG9R0NG07M9FQLOSG7S83Z,0.2461237360913333
3GL25Y6843UI1APILCQM2JER77HXMB,0.29921107045048345
3X878VYTIEIIGLRAHCIBDUHU8DQF7R,0.22600090159814887
3VDVA3ILIDFAJZ833G7KU5QT67A1G1,0.20180656823282941
39WICJI5ATS6KJHNGC9S35LWFGZ3ZZ,0.2313009940324277
3O71U79SRBPA5T3JR2KZ3BXZSTWMSB,0.3313630798364599
3OPLMF3EU5NTJYTTJU2Y44845OHNLF,0.30153851204894067
3XJOUITW8UR258EQ8VW6UPDQ4D7QTR,0.22600090159814887
338431Z1FLFM4HOIPTZ755H81RUOR6,0.25689601899097403
3YGE63DIN8X69WDLM27223T7V5D0WJ,0.31583008222495595
3LEG2HW4UFNBUKU4B01GH30MXYLF2U,0.2233956183541913
3JMQI2OLFZ5ALM516D4ALR0ZWFGDNQ,0.2804524146207819
3AFT28WXLF29BILZZ65YRDGHEV9OI0,0.23706531744602177
33N1S8XHHMLAAG38T8V9FC6ZHX1Z1L,0.4188639282540531
33BFF6QPI1B2QOCI5PPL41REYFC3WS,0.33141782281393406
335VBRURDJ0UOQF71YWP98N0R20E9L,0.28146261070645084
32K26U12DNONTREA84Q1V8UCIJYVD7,0.19165370619777203
3ZTE0JGGCESIYFZZ7W9CGAIM1QSCOP,0.3484636526264986
3W5PY7V3UP7H0797NBZW55TJ5KZJYK,0.31260569414405015
3OND0WXMHWFN3WXQZAKHMPLOAGQHEY,0.2365221296205281
3QE4DGPGBRBRBY5MQYQMS3XWIRH4GE,0.27156996039800646
3BS6ERDL9372E1Z97WITJGED1PR6D9,0.28330716685079177
3ATYLI1PRT256T55HOQY3EVHRA0OJE,0.2611814658537035
3NBFJK3IOHIVFRF49I5V6131ZH1GOI,0.261019314706718
3ATYLI1PRT256T55HOQY3EVHRCJOJ1,0.2461237360913333
3DWNFENNE3V120VNY4BPPGPCAII4J0,0.2927701832271656
3GS542CVJVNUS7MEQX3M5EHNEAK59W,0.43525506933332225
36818Z1KV3D5JB9F4KTTMCUN6W83AG,0.5196173207620558
388FBO7JZRTDJX0S29ROYCA0E42YN1,0.20180656823282941
3W31J70BASWZ8OEK94HJ9T1DHLICK5,0.22188396103114558
33KMQD9OFJE51SC4ZTKZP24DAQR771,0.30153851204894067
31KPKEKW4ADELTFARBB6FPGML29B0O,0.31792638174394866
3Y3N5A7N4G971FFSQ8COLXL09ESYM1,0.3703526402259796
3CESM1J3EI31N7Z0ORNJB43Y85WW67,0.23635608425254834
344M16OZKIFFDSJ128FUR9IKWRGENJ,0.23168901666436875
3Q2T3FD0ON86LCI41NJYV3PN0CH3MI,0.25689601899097403
3OWZNK3RYLP0D2RU6PWF331P7KJU2P,0.3802343583971623
3HY86PZXPYICZLCCXLHWU25HTRSE1U,0.37141340013556473
3O0M2G5VC62CWOIECSKC0MB9EEP49Q,0.2770385497143369
3RQVKZ7ZRKJYFRFYTH34TBN5Z9M27V,0.34461557495129486
3EKTG13IZU3N1G8T7TNYRPJ40Y8LME,0.28514812336196077
3L1EFR8WWT5MU4F3W9GVRQ8034W9FH,0.3547824261488301
3L55D8AUFAXUST31DJIAI1GOFZ8CYF,0.22600090159814887
3NSM4HLQNRUPDSMYRR2BPK23K8TQQ2,0.30735270859126856
3EHVO81VN5LOJV3ENMP2F52UL641HF,0.2120600949399401
3NC6WP7WJHKZHME6F90N9Y2BW7PWW8,0.24203905107731263
32L724R85LKRWIX0E6IDGDL7O05PII,0.2592282644873353
3NQUW096N688UWPZIKJTM3DK00K9LO,0.3030984918405775
38F60IALAGHEHF9RRX2RFJM8RBUT0L,0.31260569414405015
3D1TUISJWI04ON5WVSH7QJ86WHZUIL,0.3117631248696515
39HYCOOPKOL434K1UCPA8CBZRP6DMQ,0.34019066510323737
36818Z1KV3D5JB9F4KTTMCUN6VS3AY,0.2352147981081634
3126F2F5F83FGDVEINSMVYNFW7YPE9,0.28417392330485325
3O71U79SRBPA5T3JR2KZ3BXZSTWSMH,0.2641905291717974
33EEIIWHK77HI0IFDQWLV71B1YNQV7,0.2862208379407274
3CVBMEMMXBG2UHIGC26BGFT7OTMH7C,0.5152937422964212
3VW0145YLYCH6QKT48BLBA6CWALMJX,0.23706531744602177
3UAU495MIISEK9GZTNUCAG4S8QVUOD,0.2313009940324277
3RSBJ6YZECQP1RJ9YYZDOG3PY3HFO0,0.20768424756047504
3G5RUKN2EC3YIWSKUXZ8ZVH95VK9NQ,0.2461237360913333
3QMELQS6Y5BWFBIEPXDDO5VHGR16R0,0.4021858480774752
3RKHNXPHGWWVUIVKVV2J3ZNJOLMKUK,0.3144529319415446
3MXX6RQ9EV5XOBYLTHG9MCBOJI4P43,0.5196173207620558
37YYO3NWHDQHPQ2WHR0LLAO5CC7CCQ,0.33101993920254397
3D4BBDG7ZHWTCQ6DOYPKS7KB6ZWC3U,0.3217331638197546
36JW4WBR06KF9AXMUL4N476OMGMHFV,0.2793808154434246
3QX22DUVOOHQXLKNLXP4EYH6RZBVME,0.28603356545494896
34KYK9TV2R8EM2ZM0DUQPVM5GUUSBU,0.34019066510323737
3QD8LUVX4XYKT34CTD90LH35LCRX5L,0.20565558635320938
38VTL6WC4AD9T8UMY9V24VAENJ25YI,0.28417392330485325
3DTJ4WT8BDF9UHXK5WQOMWPT668EZM,0.28146261070645084
3CMV9YRYP31X08284WA6BXRNW5TLJS,0.24127391842979767
3S8APUMBJXJ5IXU0UTURIW3QR4YBFS,0.2862208379407274
3J6BHNX0U9SIZSBBYUQXP4VPGOCNKC,0.1940903050184225
3087LXLJ6MG4YARQWDX2YF77001F0A,0.25689601899097403
3MVY4USGB6NO9ADS6NM7BIQIBKCSI1,0.2641905291717974
3LB1BGHFL2WBEA5CZ5D07BGS3MOTYX,0.2770385497143369
3YKP7CX6G2FS34FUCAWFU4Q9TFZB76,0.2770385497143369
3KWGG5KP6J2UYCENUGUZO6TH6QCMCJ,0.28279613618297034
34R0BODSP1ZBN3DVY8J8XSIY57XE5C,0.43525506933332225
324N5FAHSXBV7XKK0LCOZLP22SVKV9,0.184269788858377
37ZQELHEQ0YDPGBEJ63D4HNT5UONM0,0.37141340013556473
3B9J25CZ25DXW7RSEDQL0FSNYFVCSM,0.2641905291717974
3MD8CKRQZZN836XL9G72X90M2XKJRI,0.31892841170775954
3DWNFENNE3V120VNY4BPPGPCAIIJ4F,0.24222854745722666
3TUOHPJXYHXE6MJWPEW9BHGI59VXW2,0.4750126113388114
34XASH8KLQMDS1NRZLG586SO59PPMY,0.1940903050184225
3IKDQS3DQE082TOW91W7WDM0PGAICF,0.30422656023839845
3VMHWJRYHVGCV0X1ZPM97TUIA65XF4,0.28332270985300473
3J5XXLQDHMBPBZCDFFKPIZ80R8V3V7,0.2521517654348783
33CLA8O0MIBSY4BPQQGHIB8U9Q3RFN,0.3279279231220118
3OJX0UFJ0Z7BDMCTRYBUDQ93DQTU9H,0.29783273896601553
3UY4PIS8QRLGTRPPQKKFKPZQ7JU1N7,0.22188396103114558
385MDVINFCFDB2E78AH8K883UBGJW0,0.2521517654348783
3ZVPAMTJWN3YC47K1AMZ0W86A51GR9,0.3580428713059251
378G7J1SJLY50MSFU96HNSVBP3KWES,0.40882482664186276
3VIVIU06FKCLBF0NMQQLZ9RCJVUIMF,0.22827700684873029
3RTFSSG7T86J6S27BVTL0NLVY14WL0,0.2361502879966498
3M7OI89LVYOS99TV70NIZAWVGQW6CS,0.21758067982615337
3D4BBDG7ZHWTCQ6DOYPKS7KB6ZT3CI,0.35726287557140285
32TMVRKDGNYCIJZ470EY0QGYU8548Z,0.35543763782088134
3NC6WP7WJHKZHME6F90N9Y2BW88WWT,0.35543763782088134
32CAVSKPCEPTOH9YNLW1YKRKFE5U18,0.3447509631200813
3R868ACW4SC7EVTBBRGCMZA5JMMZGN,0.3004889814155016
3ZG552ORAM40QHGUBF6KZP38LRSV2F,0.3056151807849813
30U1YOGZGAW71ZX6E9LWKLA5JF4DSK,0.2763761820675592
3IWA71V4TIGGC74QYWJ5DNH5H8K6XU,0.30833840482525426
3XD2A6FGFNUVY9KP2TGUYPRFST8S9Z,0.36304602308923045
3PR3LXCWSFZ3UQ6OW3MHXX8779TX9X,0.2657627368744924
32TMVRKDGNYCIJZ470EY0QGYU84842,0.30422656023839845
3RWSQDNYL9MVVE6GZVGN1MUB62QFFE,0.2703629876605009
3JUDR1D0D6R8L9KDPGCAT24040X2QE,0.20768424756047504
37NXA7GVST66R322LLOPEL2HRRJVL4,0.2899666088632554
3UOMW19E6D6WQ5TH2HDD74IVKVN5CD,0.3954204230435495
3VEI3XUCZRX4PH0J4TCMU5MYBWOPRM,0.28417392330485325
3MYASTQBG7BVOJITM5WRPLV41RJQD8,0.32189941805684663
33EEIIWHK77HI0IFDQWLV71B108QVW,0.34219725605496953
3O4VWC1GEW6GK4CJYQ66FBX6WJ2J3C,0.3282892622423498
3LN50BUKPVBTMJ56Z9FQ8TDZ54ZLPS,0.2822028746370703
3BDORL6HKKDLVSRFZOQGA5NRCCSRCR,0.265363588259006
3H4IKZHALBIJ7YWEV7IDHWCTAKYNN0,0.30390395306657236
36KM3FWE3RCRJHCKEUZQANUQ2B2079,0.2899666088632554
3W1K7D6QSBHBNEL0V5OYLOJ838CBZY,0.37141340013556473
3K8CQCU3KE19US5SN890DFPK3W4WN2,0.42834078410419363
3VW0145YLYCH6QKT48BLBA6CWALJMU,0.31085019325764435
31ANT7FQN82N7D4XO9REIVFBXNS5HM,0.33101993920254397
3BA7SXOG1JQJJP12ICAB8JR8ML7R8L,0.28146261070645084
38F60IALAGHEHF9RRX2RFJM8R8ST0D,0.20565558635320938
3NKW03WTLM7UXPIK301HH9KP87PWQN,0.3047778465958343
3WGCNLZJKF877FYC1Q6COKNWTFRD10,0.2352147981081634
3DA79LNS59VAY78OAKKAHHKFUNF3TR,0.21739516282994312
3FULMHZ7OUXR381811OH58HTEDW4MP,0.30422656023839845
3TKXBROM5TAVA7U2JTDTJHZVF11JIE,0.2521517654348783
3RDTX9JRTY19FB0XEQIJ3YVJ5FW97U,0.25689601899097403
388FBO7JZRTDJX0S29ROYCA0E42NYQ,0.20400764737249627
3UUSLRKAUL3LI1DEQ6NLPUE9W0BD7F,0.35726287557140285
3LN50BUKPVBTMJ56Z9FQ8TDZ56KLPH,0.23706531744602177
3SSN80MU8CONBMPF00D6N6MNI33KXC,0.20768424756047504
37OPIVELUU3KDJGEJ5IVQ6VXP09HAI,0.2793808154434246
34YWR3PJ28ALYWIBW73O4M7E44H0X4,0.43525506933332225
3OREP8RUT2BBWXQV5D090H32SIIGBE,0.28323123095330555
3CVBMEMMXBG2UHIGC26BGFT7OS3H7R,0.22827700684873029
30F94FBDNRKF12C1PDZGZ0IRID7BT1,0.2676883287785031
3OWZNK3RYLP0D2RU6PWF331P7L0U28,0.184269788858377
3ZRKL6Z1E83ADJ7XGZM4Q6D2W63SGQ,0.43525506933332225
38VTL6WC4AD9T8UMY9V24VAENILY5S,0.31792638174394866
363A7XIFV4MPVKBYOUZZ57M6XFLAV2,0.20768424756047504
39AYGO6AFFKB0DQMWQWWFLQ7FTSN67,0.39417800350688936
30EMX9PEVKJFF53G6Q7JOY5V3O1KS4,0.2798589016936081
3R5LWXWHR08I90TWA9SRPEUUBL6GXN,0.3580428713059251
306996CF6WKESI0SNUF6TUZWQUFB1R,0.31792638174394866
3PIOQ99R7YMW2OGNS8UZVR4NIFBNUA,0.34753061972106203
3NZ1E5QA6Z1DG01BOHHIWKCD2945BL,0.2313009940324277
3MXX6RQ9EV5XOBYLTHG9MCBOJHNP4K,0.23706531744602177
3TLFH2L6Y9OLDPC56K65Y7FNO7W2TS,0.43525506933332225
3GS542CVJVNUS7MEQX3M5EHNE9159B,0.3021196709876374
36JW4WBR06KF9AXMUL4N476OMH3HFE,0.4750126113388114
3EN4YVUOUCSS02JXIFDUMRMA3DMXJ7,0.2313009940324277
3MQKOF1EE2O08GEFYEVXHADQPS2WDK,0.16023406611051
3HFWPF5AK9J9J7V9LKFK7COTS413S2,0.19941697837845387
3H5TOKO3D9JPE5GGELH0GCK7OCY46U,0.43525506933332225
3G3AJKPCXLSRXPQMK4CSZ340NMQY4N,0.3117631248696515
3K3G488TR280K6307ZE8R97CO955QX,0.2793808154434246
3VGZ74AYTGGU62I1JDW4B19KA41CG2,0.22600090159814887
3UEBBGULPFOKEW36UKBMNMVEGP7UFU,0.3076136779323376
3126F2F5F83FGDVEINSMVYNFW70PEB,0.3013070952208668
324N5FAHSXBV7XKK0LCOZLP22SVVKK,0.28514812336196077
3R15W654VDTEMV6LZMUF8Y39AZ5LQ1,0.19346386900029913
363A7XIFV4MPVKBYOUZZ57M6XFKVAM,0.43525506933332225
3B6F54KMR2CD94HUYG11JJ9WUHKS1Q,0.3547824261488301
3ATYLI1PRT256T55HOQY3EVHRA0JO9,0.22441960695357838
3FDWKV9VCN2QK6VNG7FZICFNDP0UMG,0.2928658577413629
3D0LPO3EABZV1I043OR1D1A54E7YOG,0.2580137726415521
371QPA24C2OEO4U9NG6RTO5IW0Z1TP,0.40242071860799394
3LAZVA75NIR50X7XA3K64X90PYWO27,0.3740421971799875
3LAZVA75NIR50X7XA3K64X90PZCO2P,0.27707377955169477
3RIHDBQ1NEYLFKP3G880ZXQXJIFMHQ,0.23685446075432792
3CKVGCS3PG5D2FWC2XX15EQMPQXS08,0.31260569414405015
306996CF6WKESI0SNUF6TUZWQUG1BI,0.2713782096442884
3BFF0DJK8XCEIOT30ZLBPPSRM0BTS0,0.2461237360913333
3RWB1RTQDJNY7CLN5K6M3ORTL408PT,0.2941323936994126
31ODACBENUF1Q81BJVRGKKH42TCSQL,0.43525506933332225
3FW4EL5A3LORTQISN5M9XK6XOT022F,0.2713747601335495
382GHPVPHSRQHMTYVJJ2998NEMF439,0.3913793356350088
3909MD9T2ZH3P06K4KWHJ49BU1BFEW,0.19165370619777203
3B0MCRZMBRUJD4K4R18XPAMJAE2PPW,0.3279279231220118
3IKMEYR0LWVMA6MICBSDXGSR5U2K21,0.34753061972106203
37M4O367VJI9ZR58F67RA0N7E885MA,0.2331914586986505
36JW4WBR06KF9AXMUL4N476OMH3FHC,0.3043129830711616
3VJ4PFXFJ37PI5MYJ4PU9LKNJ8BUAW,0.3313630798364599
